<?xml version="1.0" encoding="UTF-8"?>
<Configuration status="WARN" packages="com.radynamics.xrplservermgr.utils">
    <Appenders>
        <Console name="console" target="SYSTEM_OUT">
            <PatternLayout pattern="%d{YYYY-MM-dd HH:mm:ss} [%t] %-5p %c{1}:%L - %msg%n"/>
        </Console>
        <RollingFile name="rollingFile" filename="logs/xrplservermgr.log"
                     filepattern="logs/%d{YYYYMMddHHmmss}-xrplservermgr.log">
            <PatternLayout pattern="%d{YYYY-MM-dd HH:mm:ss} [%t] %-5p %c{1}:%L - %msg%n"/>
            <Policies>
                <SizeBasedTriggeringPolicy size="10 MB"/>
            </Policies>
            <DefaultRolloverStrategy max="20"/>
        </RollingFile>
        <!--MapAppender name="MapAppender"/-->
    </Appenders>
    <Loggers>
        <!--Logger level="warn">
            <AppenderRef ref="console"/>
            <AppenderRef ref="rollingFile"/>
        </Logger-->
        <Root level="DEBUG">
            <!--AppenderRef ref="MapAppender"/-->
        </Root>
    </Loggers>
</Configuration>